{"cameraMode":{"drawMode":0,"name":"Shaded","section":"Shading Mode"},"sceneLighting":true,"audioPlay":false,"sceneViewState":{"showFog":false,"showMaterialUpdate":false,"showSkybox":false,"showFlares":false,"showImageEffects":false,"showParticleSystems":false},"in2DMode":false,"pivot":{"x":1.228371024131775,"y":0.9966866374015808,"z":-9.957213401794434},"rotation":{"x":-0.34032735228538515,"y":0.18228040635585786,"z":-0.06742924451828003,"w":-0.9200025200843811},"size":14.536272048950196,"orthographic":false}