{"cameraMode":{"drawMode":0,"name":"Shaded","section":"Shading Mode"},"sceneLighting":true,"audioPlay":false,"sceneViewState":{"showFog":false,"showMaterialUpdate":false,"showSkybox":false,"showFlares":false,"showImageEffects":false,"showParticleSystems":false},"in2DMode":false,"pivot":{"x":-4.890552520751953,"y":3.5476086139678957,"z":-13.476198196411133},"rotation":{"x":-0.08362259715795517,"y":0.8586695790290833,"z":-0.14855407178401948,"w":-0.4833516478538513},"size":2.643279790878296,"orthographic":false}